{
  "accuracy": 0.8848,
  "precision": 0.8882163034705408,
  "recall": 0.8804,
  "f1": 0.8842908798714343,
  "roc_auc": 0.95177336,
  "avg_precision": 0.95366609601628
}