Segment ID,Name,Size,Percentage,Age,Edu,Years Employed,Income,Card Debt,Other Debt,Defaulted,DebtIncomeRatio,Total Debt,Debt/Income,Wealth Accumulation
0,Budget-Conscious Youth,457,53.8%,32.40262582056893,1.6280087527352298,5.9781181619256,31.55361050328229,0.6259540481400437,1.374582056892779,0.11378555798687094,6.645295404814005,2.0005361050328236,0.06645272307318259,214.5754923413566
1,Affluent Professionals,33,3.9%,43.27272727272727,2.090909090909091,18.757575757575758,146.3030303030303,8.581696969696969,14.059424242424244,0.4545454545454545,19.624242424242425,22.641121212121213,0.19624242424242422,2962.5454545454545
2,Debt-Prone Defaulters,165,19.4%,42.903030303030306,1.715151515151515,17.193939393939395,82.0909090909091,2.0451878787878788,4.396436363636363,0.03030303030303047,8.541212121212121,6.4416242424242425,0.08541222222222222,1441.7696969696967
3,Established Savers,195,22.9%,33.12820512820513,1.8358974358974358,5.605128205128203,35.287179487179486,2.223507692307692,4.09948717948718,0.569230769230769,18.215897435897432,6.322994871794872,0.18215897435897435,229.57435897435897
