{
  "accuracy": 0.8928,
  "precision": 0.8869188337273444,
  "recall": 0.9004,
  "f1": 0.8936085748312823,
  "roc_auc": 0.9580579200000001,
  "avg_precision": 0.9596600797896526
}