feature,weight,abs_weight
wards_placed,0.08203551,0.08203551
damage_dealt,-0.077841714,0.077841714
gold_earned,0.062360257,0.062360257
kills,0.05167877,0.05167877
deaths,-0.012918196,0.012918196
cs,-0.009887833,0.009887833
assists,0.0052835736,0.0052835736
wards_killed,-0.0027562096,0.0027562096
