model,rmse,mae,r2
OLS (Baseline),42.29298943010856,31.864029781558116,0.06976633933691878
Spline + ElasticNet,42.447717348711514,31.97122386352822,0.06294741222606226
XGBoost,44.09480114521624,32.38796715335137,-0.011183698468944403
