model,cv_rmse_mean,cv_rmse_std
Spline + ElasticNet,43.093535660885564,1.139575657369493
OLS (Baseline),43.35645407723767,1.145400233101113
XGBoost,44.75661656342542,1.5400851721058975
