{
  "loss": [
    0.47442907094955444,
    0.04784402623772621,
    0.03375855088233948,
    0.027394257485866547,
    0.024988602846860886,
    0.022650305181741714,
    0.021253880113363266,
    0.021269049495458603,
    0.01855750009417534,
    0.018701180815696716,
    0.02039247564971447,
    0.016612736508250237,
    0.017683813348412514,
    0.01773458905518055,
    0.01746705360710621,
    0.016389261931180954,
    0.016658315435051918,
    0.016005532816052437,
    0.014161991886794567,
    0.015446743927896023,
    0.015536367893218994,
    0.014613829553127289,
    0.014878420159220695,
    0.014553063549101353,
    0.014015479944646358,
    0.014728579670190811,
    0.014983008615672588,
    0.01392507553100586,
    0.014045401476323605,
    0.014161605387926102,
    0.014377588406205177,
    0.01389459427446127,
    0.013858211226761341,
    0.014048518612980843,
    0.01472294982522726,
    0.014406892471015453,
    0.014069881290197372,
    0.013675475493073463
  ],
  "mae": [
    0.5686061978340149,
    0.16565996408462524,
    0.12714195251464844,
    0.11410573869943619,
    0.10818120092153549,
    0.10289241373538971,
    0.10409396886825562,
    0.10002150386571884,
    0.09745093435049057,
    0.09342566132545471,
    0.09803881496191025,
    0.09198778122663498,
    0.09461027383804321,
    0.09229951351881027,
    0.09319491684436798,
    0.08816101402044296,
    0.09115733951330185,
    0.0892767682671547,
    0.08635362237691879,
    0.08678515255451202,
    0.08546746522188187,
    0.08611743897199631,
    0.08560758829116821,
    0.08633635193109512,
    0.08574602007865906,
    0.0844092071056366,
    0.08595409244298935,
    0.08231361210346222,
    0.08337247371673584,
    0.0838613361120224,
    0.08447759598493576,
    0.08543173968791962,
    0.08501220494508743,
    0.0821019858121872,
    0.08570770174264908,
    0.08379063010215759,
    0.08412366360425949,
    0.08363159745931625
  ],
  "val_loss": [
    0.1355394721031189,
    0.02858714759349823,
    0.023424778133630753,
    0.014105584472417831,
    0.014255176298320293,
    0.011982804164290428,
    0.011629590764641762,
    0.010100224986672401,
    0.010035878047347069,
    0.0091400733217597,
    0.008762086741626263,
    0.008540471084415913,
    0.008717951364815235,
    0.008375018835067749,
    0.00835757702589035,
    0.008326769806444645,
    0.008326204493641853,
    0.008239051327109337,
    0.008211454376578331,
    0.009072314016520977,
    0.00830216333270073,
    0.008061320520937443,
    0.0082077756524086,
    0.008068663068115711,
    0.00809870008379221,
    0.008165962062776089,
    0.008004901930689812,
    0.009009534493088722,
    0.007705971132963896,
    0.00829011108726263,
    0.008515790104866028,
    0.008600810542702675,
    0.007573065813630819,
    0.008285828866064548,
    0.008998849429190159,
    0.007931358180940151,
    0.008186998777091503,
    0.007769078016281128
  ],
  "val_mae": [
    0.3346923887729645,
    0.12658877670764923,
    0.13130831718444824,
    0.09869053959846497,
    0.10183409601449966,
    0.09134011715650558,
    0.09006121009588242,
    0.08244355767965317,
    0.08234529197216034,
    0.07817503064870834,
    0.07636988908052444,
    0.07522758841514587,
    0.07591976970434189,
    0.07417172193527222,
    0.07376173138618469,
    0.0739126056432724,
    0.07358868420124054,
    0.07325952500104904,
    0.07278267294168472,
    0.07579389959573746,
    0.07293494790792465,
    0.07223474979400635,
    0.07256174087524414,
    0.07197847962379456,
    0.07195191830396652,
    0.07237474620342255,
    0.07132352888584137,
    0.0756850391626358,
    0.06998186558485031,
    0.07311154901981354,
    0.07380399107933044,
    0.07413553446531296,
    0.069340780377388,
    0.07280737906694412,
    0.07530084997415543,
    0.07130707800388336,
    0.07257145643234253,
    0.07027413696050644
  ]
}